"SiteID","RoomID","ApplianceID","Type","Type_Other","Make","Model","Vintage","Energy_Star","Room_Type"
"SITE_1007","ROOM_33557","APPL_43631","Other","Pressure tank","Amtrol","CA10050","2003","No","Mechanical"
"SITE_1014","ROOM_36478","APPL_48341","Sauna",NA,"Solarus","Unknown","Unknown","Unknown","Garage"
"SITE_1019","ROOM_3273","APPL_51495","Hot Tub",NA,"Viking Spas","Unknown","2022","No","Outside"
"SITE_102","ROOM_44764","APPL_48407","Garage door opener","Garage door opener","Overhead Door","ODYSSEY 1000","Unknown","Unknown","Garage"
"SITE_1020","ROOM_22469","APPL_34810","Other","Pump tank","Utilitech","LPT86","Unknown","No","Basement"
"SITE_1025","ROOM_14614","APPL_142984","Irrigation Pump",NA,"Unknown","Unknown","Unknown","Unknown","Garage"
"SITE_1025","ROOM_14614","APPL_74390","Water Circulator Pump",NA,"Diversitech","CP-22","2019","No","Garage"
"SITE_1040","ROOM_23138","APPL_119659","Hot Tub",NA,"Unknown","Unknown","Unknown","Unknown","Outside"
"SITE_1042","ROOM_16171","APPL_11388","Hot Tub",NA,"HotSpring","Unknown","Unknown","No","Outside"
"SITE_1044","ROOM_23089","APPL_102232","Hot Tub",NA,"Unknown","Unknown","Unknown","No","Outside"
"SITE_1045","ROOM_35999","APPL_13547","Sauna",NA,"Unknown","Unknown","Unknown","No","Outbuilding / Addition"
"SITE_105","ROOM_16896","APPL_103494","Garage door opener","Garage door opener","LiftMaster","Unknown","Unknown","Unknown","Garage"
"SITE_1050","ROOM_45367","APPL_87472","Hot Tub",NA,"HotSpring","Unknown","Unknown","Unknown","Outside"
"SITE_1050","ROOM_26834","APPL_105466","Other","Pressure tank","FLEXcon","PJR 6","2009","No","Mechanical"
"SITE_1050","ROOM_26834","APPL_77953","Other","Water pressure controller","Franklin Electric","#5870203380","Unknown","No","Mechanical"
"SITE_1053","ROOM_2882","APPL_161359","Hot Tub",NA,"Saluspa","HAWAII","Unknown","No","Outside"
"SITE_1056","ROOM_28411","APPL_19863","Power Tool","Miter saw","DeWalt","Unknown","Unknown","No","Other"
"SITE_1056","ROOM_28411","APPL_46117","Power Tool","Table Saw","Ridgid","EM1334 46892","Unknown","No","Other"
"SITE_1058","ROOM_28236","APPL_32903","Hot Tub",NA,"Bullfrog Spas","R7","Unknown","Unknown","Outside"
"SITE_1058","ROOM_26144","APPL_154062","Exercise Equipment","Treadmill","Weslo","DX12","Unknown","No","Basement"
"SITE_1058","ROOM_35517","APPL_51333","Exercise Equipment","Exercise equipment","Schwinn","270, JOURNEY 25","Unknown","No","Bedroom"
"SITE_1058","ROOM_26144","APPL_102468","Exercise Equipment","Exercise equipment","ProForm","CARDIO HIIT","Unknown","Unknown","Basement"
"SITE_1067","ROOM_34379","APPL_57811","Water feature",NA,"Pond Pump","Unknown","Unknown","No","Outside"
"SITE_1073","ROOM_12429","APPL_150035","Sauna",NA,"Finlandia Sauna","Unknown","Unknown","Unknown","Laundry"
"SITE_1078","ROOM_24888","APPL_25111","Other","Rooftop snow melting system","Unknown","Unknown","Unknown","Unknown","Outside"
"SITE_1085","ROOM_16010","APPL_12276","Sauna",NA,"Dynamic","Unknown","Unknown","No","Bedroom"
"SITE_1085","ROOM_1426","APPL_96688","Hot Tub",NA,"Unknown","Unknown","Unknown","No","Outside"
"SITE_1089","ROOM_2061","APPL_16219","Water feature",NA,"Pro Source Plus","PSP50-T50","Unknown","No","Outbuilding / Addition"
"SITE_1089","ROOM_36432","APPL_96120","Water Circulator Pump",NA,"Unknown","Unknown","Unknown","Unknown","Outside"
"SITE_1089","ROOM_2061","APPL_56914","Stock tank heaters",NA,"RHEEM","#ME85","Unknown","No","Outbuilding / Addition"
"SITE_1089","ROOM_2061","APPL_96371","Power Tool","Feed Grinder","Unknown","Unknown","Unknown","No","Outbuilding / Addition"
"SITE_1089","ROOM_2061","APPL_64224","Other","Milk Tank","Surge","Unknown","Unknown","No","Outbuilding / Addition"
"SITE_1089","ROOM_2061","APPL_111117","Other","Milk Tank","Surge","#80712","Unknown","No","Outbuilding / Addition"
"SITE_109","ROOM_35300","APPL_74066","Garage door opener","Garage door opener","Chamberlain","B4505","Unknown","Unknown","Garage"
"SITE_109","ROOM_35300","APPL_14254","Garage door opener","Garage door opener","Chamberlain","B4505","Unknown","Unknown","Garage"
"SITE_109","ROOM_35300","APPL_122582","Garage door opener","Garage door opener","Chamberlain","B4505","Unknown","Unknown","Garage"
"SITE_1097","ROOM_980","APPL_171274","Water Circulator Pump",NA,"Taco","007-BF4-JW","Unknown","No","Mechanical"
"SITE_1097","ROOM_26288","APPL_116605","Hot Tub",NA,"Unknown","Unknown","Unknown","No","Outside"
"SITE_11","ROOM_19101","APPL_107267","Power Tool","Table Saw","Delta","PROFESSIONAL SERIES 10” HEAVY DUTY TABLE SAW","Unknown","Unknown","Garage"
"SITE_11","ROOM_19101","APPL_151993","Garage door opener","Garage door opener","BlueMax","Unknown","Unknown","Unknown","Garage"
"SITE_1100","ROOM_15943","APPL_139916","Other","Hydroponic pump","Little Giant","Unknown","Unknown","No","Living Room"
"SITE_1105","ROOM_40380","APPL_126982","Hot Tub",NA,"Unknown","Unknown","Unknown","No","Outside"
"SITE_1106","ROOM_42162","APPL_118057","Sauna",NA,"Health Mate","HMV 13","Unknown","No","Other"
"SITE_1110","ROOM_21803","APPL_129037","Other","Floor heat","Unknown","Unknown","Unknown","No","Bathroom"
"SITE_1110","ROOM_21803","APPL_37777","Other","Jacuzzi","Unknown","Unknown","Unknown","No","Bathroom"
"SITE_1112","ROOM_15189","APPL_170867","Water Circulator Pump",NA,"Unknown","15SD1S4-PE","2016","No","Outside"
"SITE_1135","ROOM_35358","APPL_8878","Hot Tub",NA,"Unknown","HOLL ELT MID BW TL OZ SP ABU CHA","Unknown","No","Outside"
"SITE_1137","ROOM_7918","APPL_2029","Other","Crawlspace fan","Fantech","FR 100","Unknown","No","Crawlspace"
"SITE_1140","ROOM_46297","APPL_101657","Hot Tub",NA,"Marquis","Unknown","Unknown","Unknown","Outside"
"SITE_1147","ROOM_24206","APPL_60905","Water Circulator Pump",NA,"Taco","007-F5","Unknown","No","Laundry"
"SITE_1147","ROOM_24206","APPL_147997","Water Circulator Pump",NA,"Taco","007-F5","Unknown","No","Laundry"
"SITE_1153","ROOM_27670","APPL_155924","Hot Tub",NA,"Fusion pacific","#ECO SPA E4","Unknown","No","Outside"
"SITE_1154","ROOM_15437","APPL_77202","Sauna",NA,"Health Mate","Unknown","Unknown","No","Other"
"SITE_1158","ROOM_14036","APPL_131456","Power Tool","Bandsaw","Delta","Unknown","Unknown","No","Office"
"SITE_1162","ROOM_26780","APPL_151554","Water feature",NA,"Unknown","Unknown","Unknown","Unknown","Bedroom"
"SITE_1170","ROOM_3194","APPL_109259","Irrigation Pump",NA,"X Core","Unknown","Unknown","Unknown","Garage"
"SITE_1178","ROOM_33941","APPL_152586","Whole House Vacuum","Central Vacuum","Vacuflo","#260","Unknown","No","Mechanical"
"SITE_1180","ROOM_14950","APPL_112989","Welder (electric)",NA,"Chicago Electric","#95136","Unknown","No","Garage"
"SITE_1181","ROOM_6878","APPL_81247","Hot Tub",NA,"Unknown","Unknown","Unknown","No","Outside"
"SITE_1181","ROOM_21393","APPL_161361","Water Circulator Pump",NA,"Powerflo","PFWRC 3032C1F","Unknown","Unknown","Mechanical"
"SITE_1181","ROOM_21393","APPL_161361","Water Circulator Pump",NA,"Powerflo","PFWRC 3032C1F","Unknown","Unknown","Mechanical"
"SITE_1181","ROOM_21393","APPL_161361","Water Circulator Pump",NA,"Powerflo","PFWRC 3032C1F","Unknown","Unknown","Mechanical"
"SITE_1181","ROOM_21393","APPL_161361","Water Circulator Pump",NA,"Powerflo","PFWRC 3032C1F","Unknown","Unknown","Mechanical"
"SITE_1181","ROOM_21393","APPL_161361","Water Circulator Pump",NA,"Powerflo","PFWRC 3032C1F","Unknown","Unknown","Mechanical"
"SITE_1181","ROOM_21393","APPL_161361","Water Circulator Pump",NA,"Powerflo","PFWRC 3032C1F","Unknown","Unknown","Mechanical"
"SITE_1181","ROOM_21393","APPL_80828","Whole House Vacuum","Central Vacuum","Modern Day","M615H 120V TS","Unknown","No","Mechanical"
"SITE_119","ROOM_26536","APPL_144167","Garage door opener","Garage door opener","Wayne Dalton","PRODRIVE","Unknown","Unknown","Garage"
"SITE_12","ROOM_9793","APPL_47843","Exercise Equipment","Stairmaster","Unknown","Unknown","Unknown","Unknown","Bedroom"
"SITE_12","ROOM_30064","APPL_80528","Garage door opener","Garage door opener","LiftMaster","41D7675","Unknown","Unknown","Garage"
"SITE_1209","ROOM_1434","APPL_108207","Power Tool","Drill Press","WEN","Unknown","Unknown","Unknown","Office"
"SITE_1216","ROOM_22546","APPL_132306","Water Circulator Pump",NA,"Grundfos","UPML 25-104 165F","Unknown","No","Mechanical"
"SITE_1236","ROOM_8847","APPL_15656","Chicken heat lamp",NA,"Unknown","Unknown","Unknown","No","Outside"
"SITE_1241","ROOM_20100","APPL_172871","Water feature",NA,"Unknown","Unknown","Unknown","Unknown","Living Room"
"SITE_1249","ROOM_23563","APPL_45161","Water Circulator Pump",NA,"Taco","007-F5","Unknown","Unknown","Crawlspace"
"SITE_1251","ROOM_31081","APPL_129621","Hot Tub",NA,"Maax Spas","54107 MIDNIGHT","Unknown","No","Outside"
"SITE_1256","ROOM_7756","APPL_64978","Hot Tub",NA,"HotSpring","Unknown","Unknown","No","Outside"
"SITE_1271","ROOM_25395","APPL_171829","Hot Tub",NA,"Unknown","Unknown","Unknown","No","Outside"
"SITE_1280","ROOM_12746","APPL_66779","Hot Tub",NA,"Dupree Bay","Unknown","Unknown","No","Basement"
"SITE_1285","ROOM_13941","APPL_162801","Other","Elevator","The National Wheel-O-Vator","BC-108","2007","No","Basement"
"SITE_1288","ROOM_36697","APPL_135435","Power Tool","Wood drill","Cummins","C114","Unknown","No","Office"
"SITE_1288","ROOM_36697","APPL_169443","Power Tool","Bandsaw","Bett-Marr","Unknown","Unknown","No","Office"
"SITE_129","ROOM_2167","APPL_146552","Water feature",NA,"Unknown","Unknown","Unknown","No","Outside"
"SITE_129","ROOM_2167","APPL_131754","Water feature",NA,"Unknown","Unknown","Unknown","No","Outside"
"SITE_1297","ROOM_43540","APPL_3990","Exercise Equipment","Treadmill","Sole","Unknown","Unknown","Unknown","Bedroom"
"SITE_13","ROOM_20241","APPL_38603","Garage door opener","Garage door opener","Craftsman","Unknown","Unknown","Unknown","Garage"
"SITE_13","ROOM_20241","APPL_123304","Exercise Equipment","Treadmill","NordicTrack","Unknown","Unknown","Unknown","Garage"
"SITE_1301","ROOM_44823","APPL_18717","Water Circulator Pump",NA,"Grundfos","UPS15-58 FC","Unknown","Unknown","Basement"
"SITE_131","ROOM_32223","APPL_138403","Other","Oxygen Machine","Invacare","1164905 REV B","Unknown","Unknown","Bathroom"
"SITE_1310","ROOM_19340","APPL_19887","Whole House Vacuum","Central house vac","Vacuflo","DB9000","Unknown","No","Basement"
"SITE_1310","ROOM_18532","APPL_122575","Water Circulator Pump",NA,"Grundfos","Unknown","Unknown","Unknown","Mechanical"
"SITE_1310","ROOM_18532","APPL_152369","Freshwater Pump (i.e. House supply)",NA,"Permeate pump","ERP 500","Unknown","Unknown","Mechanical"
"SITE_1310","ROOM_5008","APPL_155604","Exercise Equipment","Treadmill","NordicTrack","Unknown","Unknown","Unknown","Basement"
"SITE_1311","ROOM_19765","APPL_64575","Power Tool","Miter saw","DeWalt","DWS780","Unknown","No","Garage"
"SITE_1319","ROOM_42477","APPL_137846","Welder (electric)",NA,"Weldpro","MIG200GDSV","Unknown","No","Garage"
"SITE_1319","ROOM_42477","APPL_22616","Power Tool","Air compressor","Unknown","Unknown","Unknown","Unknown","Garage"
"SITE_1319","ROOM_42477","APPL_59170","Other","Motorhome","Winnebago","SIGHTSEER","Unknown","No","Garage"
"SITE_1338","ROOM_1466","APPL_133575","Other","Motorhome","Unknown","Unknown","Unknown","Unknown","Garage"
"SITE_1343","ROOM_16047","APPL_71550","Sauna",NA,"Finlandia Sauna","Unknown","Unknown","Unknown","Bathroom"
"SITE_135","ROOM_20235","APPL_97279","Garage door opener","Garage door","Genie","Unknown","Unknown","Unknown","Garage"
"SITE_1351","ROOM_17242","APPL_53055","Hot Tub",NA,"Unknown","Unknown","Unknown","No","Outside"
"SITE_1352","ROOM_17586","APPL_24039","Water feature",NA,"Unknown","Unknown","Unknown","Unknown","Outside"
"SITE_1354","ROOM_9293","APPL_148783","Sauna",NA,"SUNLIGHT","Unknown","Unknown","Unknown","Bathroom"
"SITE_1358","ROOM_1595","APPL_135937","Water feature",NA,"Unknown","TURTLE TANK","Unknown","No","Living Room"
"SITE_136","ROOM_36061","APPL_161525","Water Circulator Pump",NA,"Precision","PCES7000","Unknown","Unknown","Outside"
"SITE_136","ROOM_14838","APPL_42649","Garage door opener","Garage door opener","Chamberlain","045ACT","Unknown","Unknown","Garage"
"SITE_1365","ROOM_21711","APPL_41425","Exercise Equipment","Bicycle Treadmill","Diamondback","910SR","Unknown","No","Garage"
"SITE_1365","ROOM_21711","APPL_159400","Exercise Equipment","Treadmill","NordicTrack","ELITE 900","Unknown","No","Garage"
"SITE_137","ROOM_45714","APPL_146981","Exercise Equipment","Exercise equipment","Bowflex","Unknown","Unknown","Unknown","Other"
"SITE_137","ROOM_5479","APPL_109257","Garage door opener","Garage door opener","Linear","Unknown","Unknown","Unknown","Garage"
"SITE_137","ROOM_5479","APPL_136158","Exercise Equipment","Electric bike","Lectric","Unknown","Unknown","Unknown","Garage"
"SITE_137","ROOM_45714","APPL_22051","Exercise Equipment","Treadmill","ProForm","Unknown","Unknown","Unknown","Other"
"SITE_1382","ROOM_7076","APPL_55609","Hot Tub",NA,"Bullfrog Spas","Unknown","Unknown","No","Outside"
"SITE_139","ROOM_5944","APPL_101604","Garage door opener","Garage door","Genie","Unknown","Unknown","Unknown","Garage"
"SITE_139","ROOM_5944","APPL_54750","Garage door opener","Garage door","Genie","Unknown","Unknown","Unknown","Garage"
"SITE_1396","ROOM_4354","APPL_142266","Exercise Equipment","Treadmill","Peloton","745CS","Unknown","No","Basement"
"SITE_1408","ROOM_375","APPL_5960","Hot Tub",NA,"Unknown","Unknown","Unknown","No","Outside"
"SITE_141","ROOM_18938","APPL_39389","Garage door opener","Garage door opener","Chamberlain","Unknown","Unknown","Unknown","Garage"
"SITE_141","ROOM_38014","APPL_58174","Exercise Equipment","Stationary bicycle","Excel","#396","Unknown","Unknown","Bedroom"
"SITE_1416","ROOM_41260","APPL_173675","Exercise Equipment","Treadmill","NordicTrack","NTL290160","Unknown","No","Bedroom"
"SITE_142","ROOM_1376","APPL_100869","Exercise Equipment","Treadmill","Weslo","CADENCE G-40","Unknown","Unknown","Basement"
"SITE_1421","ROOM_11369","APPL_40620","Other","Jacuzzi","Unknown","Unknown","Unknown","No","Bathroom"
"SITE_1421","ROOM_31639","APPL_75063","Exercise Equipment","Stationary Bike","Peloton","Unknown","Unknown","No","Laundry"
"SITE_1423","ROOM_46493","APPL_53771","Water Circulator Pump",NA,"Taco","007-F5-1IFC","Unknown","No","Mechanical"
"SITE_1423","ROOM_46493","APPL_4888","Water Circulator Pump",NA,"Taco","OOR-F6-4IFC","Unknown","No","Mechanical"
"SITE_1423","ROOM_46493","APPL_152167","Water Circulator Pump",NA,"Taco","007-F5-1IFC","Unknown","No","Mechanical"
"SITE_1423","ROOM_46493","APPL_160790","Water Circulator Pump",NA,"Taco","OOR-F6-IFC","Unknown","No","Mechanical"
"SITE_1423","ROOM_46493","APPL_149630","Whole House Vacuum","House Vacuum","NuTone","CV-450W","Unknown","No","Mechanical"
"SITE_1436","ROOM_32074","APPL_128103","Exercise Equipment","Stationary Bike","Peloton","Unknown","Unknown","No","Basement"
"SITE_1436","ROOM_32074","APPL_121748","Exercise Equipment","Treadmill","ProForm","PFEL199142","Unknown","No","Basement"
"SITE_144","ROOM_946","APPL_157085","Garage door opener","Garage door opener","Moore-O-Matic","Unknown","Unknown","Unknown","Garage"
"SITE_146","ROOM_7111","APPL_116231","Exercise Equipment","Treadmill","Horizon","7 4AT-02","Unknown","No","Living Room"
"SITE_1469","ROOM_35908","APPL_148535","Hot Tub",NA,"Unknown","Unknown","Unknown","Unknown","Outside"
"SITE_1478","ROOM_41713","APPL_77043","Exercise Equipment","Treadmill","Spirit","Unknown","Unknown","Unknown","Other"
"SITE_148","ROOM_38498","APPL_107257","Garage door opener","Garage door opener","Sears","Unknown","Unknown","Unknown","Garage"
"SITE_1480","ROOM_29212","APPL_59508","Water feature",NA,"Unknown","Unknown","Unknown","Unknown","Dining Room"
"SITE_1483","ROOM_41894","APPL_146015","Hot Tub",NA,"Sundance Spas","Unknown","Unknown","Unknown","Outside"
"SITE_1487","ROOM_9748","APPL_68056","Hot Tub",NA,"Intex","S-HWF10","Unknown","No","Outside"
"SITE_1496","ROOM_8489","APPL_110558","Water Circulator Pump",NA,"Geo-flo","UPS26-99U","Unknown","No","Garage"
"SITE_1496","ROOM_8489","APPL_172557","Water Circulator Pump",NA,"Geo-flo","UPS26-99U","Unknown","No","Garage"
"SITE_1496","ROOM_22615","APPL_39931","Hot Tub",NA,"Unknown","Unknown","Unknown","Unknown","Outside"
"SITE_15","ROOM_36379","APPL_144985","Whole House Vacuum","Central Vacuum","Ametek","#115334","Unknown","Unknown","Garage"
"SITE_15","ROOM_36379","APPL_117245","Garage door opener","Garage door","LiftMaster","FORMULA1 41AB050-2M","2011","Unknown","Garage"
"SITE_15","ROOM_14741","APPL_79240","Exercise Equipment","Treadmill","ProForm","PRO SHOX3","Unknown","Unknown","Basement"
"SITE_151","ROOM_41921","APPL_76364","Garage door opener","Garage door opener","Genie","PROMAX","Unknown","Unknown","Garage"
"SITE_1519","ROOM_39039","APPL_77622","Hot Tub",NA,"Jacuzzi","Unknown","Unknown","No","Outside"
"SITE_1521","ROOM_4594","APPL_5979","Sauna",NA,"Metos Sauna","MSPO","Unknown","No","Basement"
"SITE_154","ROOM_20785","APPL_172135","Garage door opener","Garage door opener","Chamberlain","LIFT MASTER","Unknown","Unknown","Garage"
"SITE_1545","ROOM_24467","APPL_124192","Exercise Equipment","Treadmill","NordicTrack","C700","Unknown","No","Basement"
"SITE_155","ROOM_4866","APPL_155042","Garage door opener","Garage door","LiftMaster","41D7675","2016","No","Garage"
"SITE_1552","ROOM_6951","APPL_54175","Exercise Equipment","Treadmill","ProForm","Unknown","Unknown","Unknown","Bedroom"
"SITE_1557","ROOM_11539","APPL_59723","Exercise Equipment","Stationary Bike","Peloton","Unknown","Unknown","No","Bedroom"
"SITE_1559","ROOM_38327","APPL_19183","Hot Tub",NA,"Unknown","Unknown","Unknown","Unknown","Outbuilding / Addition"
"SITE_1563","ROOM_532","APPL_28197","Hot Tub",NA,"Viking Spas","Unknown","Unknown","No","Outside"
"SITE_157","ROOM_38902","APPL_118837","Hot Tub",NA,"BESTWAY","S100105","Unknown","No","Garage"
"SITE_1572","ROOM_16370","APPL_148619","Water Circulator Pump",NA,"Asurity","CP-22","Unknown","No","Basement"
"SITE_1584","ROOM_17050","APPL_11401","Kiln (Electric)",NA,"Skutt","KM1227","Unknown","Unknown","Other"
"SITE_1584","ROOM_17050","APPL_67971","Kiln (Electric)",NA,"Skutt","Unknown","Unknown","No","Other"
"SITE_159","ROOM_37605","APPL_24440","Garage door opener","Garage door opener","Chamberlain","Unknown","Unknown","Unknown","Garage"
"SITE_160","ROOM_2348","APPL_55947","Other","Heat Lamp","Unknown","Unknown","Unknown","No","Garage"
"SITE_160","ROOM_2348","APPL_127218","Garage door opener","Garage door opener","LiftMaster","FORMULA1","Unknown","No","Garage"
"SITE_160","ROOM_2348","APPL_138464","Garage door opener","Garage door opener","LiftMaster","FORMULA1","Unknown","No","Garage"
"SITE_160","ROOM_2348","APPL_73892","Garage door opener","Garage door opener","LiftMaster","FORMULA1","Unknown","No","Garage"
"SITE_1613","ROOM_37288","APPL_118718","Water feature",NA,"Unknown","Unknown","Unknown","Unknown","Outside"
"SITE_1625","ROOM_14493","APPL_23515","Irrigation Pump",NA,"Unknown","Unknown","Unknown","Unknown","Basement"
"SITE_1632","ROOM_3514","APPL_37428","Sauna",NA,"Unknown","Unknown","Unknown","No","Bathroom"
"SITE_1636","ROOM_4341","APPL_60440","Exercise Equipment","Treadmill","Spirit","XT685","Unknown","No","Other"
"SITE_1636","ROOM_18189","APPL_95355","Other","Generator","Generac","GUARDIAN 10 KW","Unknown","Unknown","Outside"
"SITE_1637","ROOM_33647","APPL_107527","Water Circulator Pump",NA,"Grundfos","52722355P1","Unknown","Unknown","Basement"
"SITE_17","ROOM_42503","APPL_90678","Garage door opener","Garage door","Craftsman","Unknown","Unknown","Unknown","Garage"
"SITE_17","ROOM_42503","APPL_37362","Garage door opener","Garage door","Craftsman","Unknown","Unknown","Unknown","Garage"
"SITE_1730","ROOM_4677","APPL_79783","Other","Garage Door","Overhead Door","LEGACY","Unknown","No","Garage"
"SITE_1730","ROOM_4677","APPL_59152","Other","Garage Door","Overhead Door","LEGACY","Unknown","Unknown","Garage"
"SITE_1730","ROOM_4677","APPL_92975","Power Tool","Band Saw","Unknown","Unknown","Unknown","No","Garage"
"SITE_1730","ROOM_13773","APPL_21472","Other","treadmill","AFG","71AT","Unknown","No","Family Room"
"SITE_1735","ROOM_27967","APPL_152988","Other","garage door","LiftMaster","Unknown","Unknown","Unknown","Garage"
"SITE_1739","ROOM_22905","APPL_35171","Other","garage door","Craftsman","Unknown","Unknown","Unknown","Garage"
"SITE_1739","ROOM_22905","APPL_125871","Other","garage door","Craftsman","Unknown","Unknown","Unknown","Garage"
"SITE_1741","ROOM_23294","APPL_68446","Sauna",NA,"saunalogic","Unknown","Unknown","No","Basement"
"SITE_1745","ROOM_8893","APPL_16962","Kiln (Electric)",NA,"Skuit","KMT-822","Unknown","No","Garage"
"SITE_1756","ROOM_11773","APPL_126769","Hot Tub",NA,"Master Spa","DOWN EAST","Unknown","No","Bedroom"
"SITE_1773","ROOM_18892","APPL_41567","Other","GARAGE DOOR OPENER","LiftMaster","Unknown","Unknown","Unknown","Garage"
"SITE_1774","ROOM_37641","APPL_87232","Sauna",NA,"Health Mate","PROFESSIONAL EDITION","Unknown","No","Family Room"
"SITE_1781","ROOM_15796","APPL_52358","Other","Garage Door Opener","LiftMaster","Unknown","Unknown","No","Garage"
"SITE_179","ROOM_8775","APPL_76943","Garage door opener","Garage door opener","Odyssey 1000","Unknown","Unknown","Unknown","Garage"
"SITE_1795","ROOM_42599","APPL_4953","Garage door opener","Garage door opener","Unknown","Unknown","Unknown","Unknown","Garage"
"SITE_1795","ROOM_42599","APPL_27382","Garage door opener","Garage door opener","Unknown","Unknown","Unknown","Unknown","Garage"
"SITE_180","ROOM_16526","APPL_30283","Garage door opener","Garage door","Chamberlain","FORMULA I","2010","No","Garage"
"SITE_1807","ROOM_45239","APPL_52604","Chicken heat lamp",NA,"Unknown","Unknown","Unknown","No","Living Room"
"SITE_1809","ROOM_42331","APPL_159186","Exercise Equipment","Peloton","Peloton","Unknown","2020","Unknown","Bedroom"
"SITE_1819","ROOM_46446","APPL_128314","Other","RV plug hook up.","Unknown","Unknown","Unknown","Unknown","Outside"
"SITE_1821","ROOM_4144","APPL_146481","Water Circulator Pump",NA,"Amtrol","THERM X TROL","Unknown","No","Mechanical"
"SITE_1821","ROOM_22279","APPL_7696","Sauna",NA,"Sears","41484403N","Unknown","No","Other"
"SITE_1825","ROOM_33847","APPL_83885","Other","Radon fan","Unknown","Unknown","Unknown","Unknown","Garage"
"SITE_1840","ROOM_34479","APPL_107675","Whole House Vacuum","Central vac","Vacuflo","466Q","Unknown","No","Garage"
"SITE_1844","ROOM_31620","APPL_50170","Welder (electric)",NA,"Titanium","#0920371471761","Unknown","No","Outbuilding / Addition"
"SITE_1870","ROOM_14523","APPL_97785","Exercise Equipment","Workout gear","Treadmill","PFTL131134","Unknown","No","Living Room"
"SITE_1870","ROOM_3456","APPL_29423","Water feature",NA,"Viva","Unknown","Unknown","Yes","Dining Room"
"SITE_1878","ROOM_19277","APPL_163875","Hot Tub",NA,"HotSpring","Unknown","Unknown","No","Outside"
"SITE_189","ROOM_42573","APPL_133617","Garage door opener","Garage door","PDS","#800","Unknown","Unknown","Garage"
"SITE_189","ROOM_42573","APPL_79216","Garage door opener","Garage door","PDS","#800","Unknown","Unknown","Garage"
"SITE_189","ROOM_19930","APPL_174160","Exercise Equipment","Rowing machine","NordicTrack","ROWER","Unknown","Unknown","Bedroom"
"SITE_1890","ROOM_41378","APPL_36465","Other","Floor heat","Whirlpool","E1F50RD045V","Unknown","No","Mechanical"
"SITE_1891","ROOM_34107","APPL_86437","Hot Tub",NA,"Arctic Spas","SUMMIT LSC","Unknown","No","Outside"
"SITE_1895","ROOM_38473","APPL_104432","Other","Juke box","Unknown","Unknown","Unknown","No","Other"
"SITE_1902","ROOM_17215","APPL_18168","Hot Tub",NA,"HotSpring","Unknown","Unknown","No","Outside"
"SITE_191","ROOM_34513","APPL_23888","Other","Elevator","Unknown","Unknown","Unknown","No","Hallway"
"SITE_1921","ROOM_31992","APPL_37359","Sauna",NA,"Unknown","Unknown","Unknown","Unknown","Bedroom"
"SITE_193","ROOM_45819","APPL_83656","Sauna",NA,"Therapure","Unknown","Unknown","Unknown","Hallway"
"SITE_1937","ROOM_27352","APPL_58502","Hot Tub",NA,"Unknown","Unknown","Unknown","Unknown","Outside"
"SITE_194","ROOM_3784","APPL_162354","Garage door opener","Garage door","Sears","CRAFTSMAN","Unknown","Unknown","Garage"
"SITE_1942","ROOM_26323","APPL_129188","Other","server","Unknown","Unknown","Unknown","No","Crawlspace"
"SITE_1955","ROOM_274","APPL_44196","Water feature",NA,"Unknown","Unknown","Unknown","Unknown","Outside"
"SITE_1955","ROOM_274","APPL_102685","Water feature",NA,"Unknown","Unknown","Unknown","Unknown","Outside"
"SITE_1974","ROOM_46694","APPL_161237","Hot Tub",NA,"HotSpring","Unknown","Unknown","No","Outside"
"SITE_198","ROOM_37580","APPL_149329","Garage door opener","Garage door opener","Genie","1024 PRO","2011","No","Garage"
"SITE_1981","ROOM_41449","APPL_139805","Whole House Vacuum","Built in central cleaning system","NuTone","VX475","Unknown","Unknown","Hallway"
"SITE_1991","ROOM_38067","APPL_17774","Exercise Equipment","Treadmill","Pro-Form","Unknown","Unknown","No","Office"
"SITE_1996","ROOM_36080","APPL_159968","Sauna",NA,"Sauntec","1712-45-17","Unknown","Unknown","Bathroom"
"SITE_2016","ROOM_16991","APPL_142792","Water Circulator Pump",NA,"Unknown","Unknown","Unknown","Unknown","Garage"
"SITE_202","ROOM_26211","APPL_72521","Whole House Vacuum","Central Cleaning System","Broan","CV30-D","Unknown","Unknown","Garage"
"SITE_202","ROOM_26211","APPL_59934","Garage door opener","Garage door opener","Genie","CM8600IC/A","Unknown","Unknown","Garage"
"SITE_202","ROOM_26211","APPL_61749","Garage door opener","Garage door opener","Genie","CM8600IC/A","Unknown","Unknown","Garage"
"SITE_202","ROOM_26211","APPL_26261","Garage door opener","Garage door opener","Genie","CM8600IC/A","Unknown","Unknown","Garage"
"SITE_2032","ROOM_16862","APPL_86061","Other","Fish tank","Unknown","Unknown","Unknown","Unknown","Living Room"
"SITE_205","ROOM_33516","APPL_79036","Garage door opener","Garage door opener","Genie","PRO MAX","Unknown","Unknown","Garage"
"SITE_207","ROOM_44628","APPL_45541","Exercise Equipment","Treadmill","Reebok","RBTL699082","Unknown","Unknown","Bedroom"
"SITE_211","ROOM_14556","APPL_72450","Garage door opener","Garage door","Chamberlain","LIFT MASTER PRO","Unknown","Unknown","Garage"
"SITE_212","ROOM_4776","APPL_34089","Welder (electric)",NA,"Lincoln","CENTURY 130","Unknown","No","Outside"
"SITE_212","ROOM_4776","APPL_52865","Power Tool","Air compressor","Unknown","Unknown","Unknown","Unknown","Outside"
"SITE_215","ROOM_39289","APPL_26134","Garage door opener","Garage door opener","Genie","SCREW DRIVE","Unknown","Unknown","Garage"
"SITE_216","ROOM_5794","APPL_9757","Garage door opener","Garage door opener","LiftMaster","Unknown","Unknown","Unknown","Garage"
"SITE_216","ROOM_5794","APPL_13919","Exercise Equipment","Treadmill","NordicTrack","Unknown","Unknown","Unknown","Garage"
"SITE_216","ROOM_15722","APPL_144615","Exercise Equipment","Stationary Bike","Peloton","Unknown","Unknown","Unknown","Bedroom"
"SITE_217","ROOM_3637","APPL_122669","Garage door opener","Garage door opener","LiftMaster","Unknown","Unknown","Unknown","Garage"
"SITE_217","ROOM_3637","APPL_94447","Power Tool","Bandsaw","Sears","Unknown","Unknown","Unknown","Garage"
"SITE_221","ROOM_44362","APPL_61747","Exercise Equipment","Peloton bike","Peloton","Unknown","Unknown","No","Bedroom"
"SITE_221","ROOM_7425","APPL_76266","Garage door opener","Garage door opener","LiftMaster","Unknown","Unknown","Unknown","Garage"
"SITE_221","ROOM_7425","APPL_40590","Other","Condensate pump","Little Giant","VCMA-20ULS","Unknown","Unknown","Garage"
"SITE_227","ROOM_40180","APPL_103514","Garage door opener","Garage door opener","Chamberlain","Unknown","Unknown","Unknown","Garage"
"SITE_230","ROOM_6633","APPL_147445","Exercise Equipment","Treadmill","Horizon","LS760T","Unknown","Unknown","Garage"
"SITE_230","ROOM_6633","APPL_73814","Garage door opener","Garage door opener","Overhead Door","ODYSSEY 1000","Unknown","Unknown","Garage"
"SITE_233","ROOM_11438","APPL_87725","Hot Tub",NA,"Unknown","Unknown","Unknown","Unknown","Outside"
"SITE_233","ROOM_9333","APPL_65944","Exercise Equipment","Treadmill","PaceMaster","PRO-PLUS","Unknown","No","Other"
"SITE_234","ROOM_25862","APPL_32217","Exercise Equipment","Treadmill","Sunny Health & Fitness","Unknown","Unknown","Unknown","Garage"
"SITE_234","ROOM_25862","APPL_162310","Garage door opener","Garage door opener","Genie","Unknown","Unknown","Unknown","Garage"
"SITE_235","ROOM_42499","APPL_67265","Garage door opener","Garage door opener","LiftMaster","Unknown","Unknown","Unknown","Garage"
"SITE_235","ROOM_36001","APPL_111915","Exercise Equipment","Electric bike","Peloton","Unknown","Unknown","Unknown","Bedroom"
"SITE_237","ROOM_29158","APPL_126258","Welder (electric)",NA,"Miller","MILERMATIC 140","Unknown","No","Garage"
"SITE_240","ROOM_21117","APPL_84568","Sauna",NA,"Finlandia Sauna","FLB80","Unknown","No","Other"
"SITE_240","ROOM_547","APPL_50080","Whole House Vacuum","Whole house vacuum","Vacuflo","466Q","Unknown","Unknown","Mechanical"
"SITE_246","ROOM_30917","APPL_25906","Exercise Equipment","Stationary Bike","Peloton","Unknown","Unknown","Unknown","Other"
"SITE_25","ROOM_29650","APPL_53338","Power Tool","Drill Press","Delta","UPC6000","Unknown","No","Garage"
"SITE_25","ROOM_29650","APPL_3930","Power Tool","Bandsaw","Rockwell","MODEL 14","Unknown","No","Garage"
"SITE_25","ROOM_29650","APPL_130594","Power Tool","Table Saw","Ridgid","T44454","Unknown","No","Garage"
"SITE_250","ROOM_15723","APPL_173129","Whole House Vacuum","Central Vacuum","Vacuflo","466Q","2013","No","Garage"
"SITE_256","ROOM_20250","APPL_135580","Garage door opener","Garage door opener","Phantom","Unknown","Unknown","Unknown","Garage"
"SITE_256","ROOM_26880","APPL_174326","Exercise Equipment","Elliptical","iFIT","Unknown","Unknown","Unknown","Bedroom"
"SITE_26","ROOM_26014","APPL_150831","Hot Tub",NA,"Unknown","Unknown","Unknown","Unknown","Outside"
"SITE_261","ROOM_41743","APPL_113714","Whole House Vacuum","Central Vacuum","Vacuflo","#77125","Unknown","Unknown","Garage"
"SITE_261","ROOM_41743","APPL_138816","Garage door opener","Garage door opener","Genie","Unknown","Unknown","Unknown","Garage"
"SITE_262","ROOM_44520","APPL_113306","Garage door opener","Garage door opener","Chamberlain","LIFTMASTER PRO","2008","No","Garage"
"SITE_267","ROOM_31024","APPL_138214","Exercise Equipment","Cycling equipment","Peloton","Unknown","Unknown","Unknown","Bedroom"
"SITE_272","ROOM_35643","APPL_88838","Garage door opener","Garage door opener","LiftMaster","Unknown","Unknown","Unknown","Garage"
"SITE_275","ROOM_34199","APPL_134294","Garage door opener","Garage door","Sears","#139655000","Unknown","No","Garage"
"SITE_281","ROOM_32960","APPL_109541","Garage door opener","Garage door opener","LiftMaster","Unknown","Unknown","Unknown","Garage"
"SITE_284","ROOM_15366","APPL_156319","Garage door opener","Garage door","LiftMaster","P3","Unknown","No","Garage"
"SITE_285","ROOM_18098","APPL_52511","Garage door opener","Garage door opener","Chamberlain","Unknown","Unknown","Unknown","Garage"
"SITE_287","ROOM_43773","APPL_68728","Garage door opener","Garage door opener","LiftMaster","Unknown","Unknown","Unknown","Garage"
"SITE_3","ROOM_17476","APPL_169975","Garage door opener","Garage door opener","Precision","Unknown","Unknown","Unknown","Garage"
"SITE_30","ROOM_21944","APPL_18683","Stock tank heaters",NA,"Unknown","Unknown","Unknown","No","Outbuilding / Addition"
"SITE_30","ROOM_11715","APPL_29448","Other","Grow shed","VIVOSUN","Unknown","Unknown","No","Garage"
"SITE_300","ROOM_23141","APPL_71814","Garage door opener","Garage door opener","Craftsman","Unknown","Unknown","Unknown","Garage"
"SITE_301","ROOM_28933","APPL_123505","Other","Power center","APC","H10 POWER CONDITIONER","Unknown","Unknown","Living Room"
"SITE_301","ROOM_28142","APPL_1214","Whole House Vacuum","Central Vacuum","Vacuflo","566Q","Unknown","Unknown","Mechanical"
"SITE_31","ROOM_36181","APPL_84618","Exercise Equipment","Exercise equipment","Gold's Gym","FIT","Unknown","Unknown","Bedroom"
"SITE_311","ROOM_34021","APPL_32858","Garage door opener","Garage door opener","LiftMaster","Unknown","Unknown","Unknown","Garage"
"SITE_311","ROOM_14321","APPL_125906","Other","Elevator","Savaria","Unknown","Unknown","Unknown","Kitchen"
"SITE_311","ROOM_33351","APPL_99159","Other","Mechanical Lift","Voyager Duo","Unknown","Unknown","Unknown","Bedroom"
"SITE_312","ROOM_18796","APPL_155476","Garage door opener","Garage door opener","Linear","Unknown","Unknown","Unknown","Garage"
"SITE_313","ROOM_5068","APPL_54439","Garage door opener","Garage door opener","Overhead Door","Unknown","Unknown","Unknown","Garage"
"SITE_316","ROOM_38563","APPL_57460","Garage door opener","Garage door opener","LiftMaster","Unknown","Unknown","Unknown","Garage"
"SITE_319","ROOM_6249","APPL_157888","Garage door opener","Garage door opener","Genie","Unknown","Unknown","Unknown","Garage"
"SITE_321","ROOM_45884","APPL_25793","Garage door opener","Garage door opener","Legacy","Unknown","Unknown","Unknown","Garage"
"SITE_328","ROOM_34829","APPL_170282","Other","Power Bank","Goal Zero","YETI 150","Unknown","Unknown","Living Room"
"SITE_328","ROOM_41033","APPL_51433","Garage door opener","Garage door opener","Overhead Door","ODYSSEY 100","Unknown","Unknown","Garage"
"SITE_334","ROOM_37825","APPL_32317","Garage door opener","Garage door opener","Craftsman","Unknown","Unknown","Unknown","Garage"
"SITE_334","ROOM_37825","APPL_59166","Garage door opener","Garage door opener","Craftsman","Unknown","Unknown","Unknown","Garage"
"SITE_338","ROOM_27874","APPL_56232","Garage door opener","Garage door","Chamberlain","WHISPER DRIVE","2015","Unknown","Garage"
"SITE_340","ROOM_18017","APPL_76089","Garage door opener","Garage door opener","Craftsman","Unknown","Unknown","Unknown","Garage"
"SITE_345","ROOM_42567","APPL_32567","Garage door opener","Garage door opener","Genie","Unknown","Unknown","Unknown","Garage"
"SITE_346","ROOM_16837","APPL_114910","Sauna",NA,"JNH LIFESTYLES","Unknown","Unknown","No","Garage"
"SITE_348","ROOM_38856","APPL_148774","Exercise Equipment","Treadmill","ProForm","PRO 2000","Unknown","No","Living Room"
"SITE_355","ROOM_9433","APPL_56342","Garage door opener","Garage door opener","LiftMaster","P3","Unknown","Unknown","Garage"
"SITE_355","ROOM_9433","APPL_172416","Garage door opener","Garage door opener","LiftMaster","P3","Unknown","Unknown","Garage"
"SITE_356","ROOM_19823","APPL_51803","Garage door opener","Garage door opener","LiftMaster","PROFESSIONAL","Unknown","Unknown","Garage"
"SITE_358","ROOM_24318","APPL_61984","Garage door opener","Garage door opener","LiftMaster","Unknown","Unknown","Unknown","Garage"
"SITE_365","ROOM_32703","APPL_160972","Other","Mobility Chair Charger","Pihsiang Machinery MFG","8422D","Unknown","Unknown","Living Room"
"SITE_366","ROOM_14791","APPL_162756","Kiln (Electric)",NA,"Skutt","GM-814","Unknown","No","Garage"
"SITE_371","ROOM_34922","APPL_146535","Garage door opener","Garage door opener","LiftMaster","Unknown","Unknown","Unknown","Garage"
"SITE_371","ROOM_34922","APPL_9332","Garage door opener","Garage door opener","LiftMaster","Unknown","Unknown","Unknown","Garage"
"SITE_371","ROOM_34922","APPL_97566","Garage door opener","Garage door opener","LiftMaster","Unknown","Unknown","Unknown","Garage"
"SITE_372","ROOM_12230","APPL_130365","Water feature",NA,"Unknown","Unknown","Unknown","Unknown","Outside"
"SITE_372","ROOM_12850","APPL_63510","Garage door opener","Garage door opener","Craftsman","Unknown","Unknown","Unknown","Garage"
"SITE_373","ROOM_20036","APPL_1636","Garage door opener","Garage door opener","LiftMaster","41AC050-1M","Unknown","Unknown","Garage"
"SITE_375","ROOM_4358","APPL_169387","Garage door opener","Garage door opener","LiftMaster","FORMULA 3","Unknown","Unknown","Garage"
"SITE_375","ROOM_4358","APPL_23552","Garage door opener","Garage door opener","LiftMaster","FORMULA 1","Unknown","Unknown","Garage"
"SITE_375","ROOM_4358","APPL_159251","Garage door opener","Garage door opener","LiftMaster","FORMULA 1","Unknown","Unknown","Garage"
"SITE_376","ROOM_10252","APPL_102851","Garage door opener","Garage door opener","Chamberlain","Unknown","Unknown","Unknown","Garage"
"SITE_378","ROOM_24744","APPL_66075","Garage door opener","Garage door opener","LiftMaster","SECURITY 20","Unknown","Unknown","Garage"
"SITE_379","ROOM_11272","APPL_139206","Garage door opener","Garage door opener","LiftMaster","Unknown","Unknown","Unknown","Garage"
"SITE_38","ROOM_42590","APPL_59336","Garage door opener","Garage door opener","Genie","Unknown","Unknown","Unknown","Garage"
"SITE_380","ROOM_35671","APPL_107184","Hot Tub",NA,"Unknown","Unknown","Unknown","Unknown","Outside"
"SITE_381","ROOM_45912","APPL_43600","Garage door opener","Garage door opener","Genie","Unknown","Unknown","Unknown","Garage"
"SITE_383","ROOM_45770","APPL_139752","Garage door opener","Garage door opener","Genie","PRO MAX","Unknown","Unknown","Garage"
"SITE_383","ROOM_45770","APPL_71523","Garage door opener","Garage door opener","Genie","PRO MAX","Unknown","Unknown","Garage"
"SITE_384","ROOM_29428","APPL_93331","Garage door opener","Garage door opener","Chamberlain","Unknown","Unknown","Unknown","Garage"
"SITE_385","ROOM_11271","APPL_92842","Garage door opener","Garage door opener","Craftsman","Unknown","Unknown","Unknown","Garage"
"SITE_387","ROOM_12537","APPL_121897","Garage door opener","Garage door opener","LiftMaster","SECURITY PLUS","Unknown","Unknown","Garage"
"SITE_392","ROOM_2611","APPL_93604","Water feature",NA,"Unknown","Unknown","Unknown","No","Basement"
"SITE_392","ROOM_2611","APPL_129840","Water Circulator Pump",NA,"Jacuzzi","C55JXGZZ-3899","Unknown","No","Basement"
"SITE_392","ROOM_44653","APPL_42378","Irrigation Pump",NA,"Unknown","Unknown","Unknown","No","Outside"
"SITE_392","ROOM_43996","APPL_1515","Other","Car Lift","BendPak","MX-10AC","2006","No","Basement"
"SITE_392","ROOM_2611","APPL_86636","Whole House Vacuum","Central Vacuum","SilentMaster","S2","2006","No","Basement"
"SITE_392","ROOM_2611","APPL_3583","Other","Water Softener","Ecowater","Unknown","Unknown","Unknown","Basement"
"SITE_393","ROOM_3636","APPL_51807","Other","Propane Generator","Generac","#3002189829","Unknown","No","Outside"
"SITE_393","ROOM_13541","APPL_71794","Garage door opener","Garage door opener","Linear","LDO50","Unknown","Unknown","Garage"
"SITE_393","ROOM_13541","APPL_60849","Garage door opener","Garage door opener","Linear","LDO50","Unknown","Unknown","Garage"
"SITE_394","ROOM_13942","APPL_24395","Exercise Equipment","Treadmill","ProForm","Unknown","Unknown","Unknown","Bedroom"
"SITE_404","ROOM_31435","APPL_18909","Garage door opener","Garage door opener","Wayne Dalton","QUANTUM 3213","Unknown","Unknown","Garage"
"SITE_405","ROOM_20451","APPL_122021","Garage door opener","Garage door opener","Chamberlain","WHISPER DRIVE","Unknown","Unknown","Garage"
"SITE_405","ROOM_20451","APPL_169614","Garage door opener","Garage door opener","Chamberlain","WHISPER DRIVE","Unknown","Unknown","Garage"
"SITE_410","ROOM_13609","APPL_137474","Water feature",NA,"Unknown","Unknown","Unknown","No","Outside"
"SITE_410","ROOM_32583","APPL_133649","Garage door opener","Garage door opener","Chamberlain","WD382KEVG","Unknown","Unknown","Garage"
"SITE_410","ROOM_32583","APPL_158730","Garage door opener","Garage door opener","Chamberlain","WD382KEVG","Unknown","Unknown","Garage"
"SITE_417","ROOM_23196","APPL_111861","Garage door opener","Garage door opener","Chamberlain","LIFTMASTER PROFESSIONAL","Unknown","Unknown","Garage"
"SITE_417","ROOM_23196","APPL_101091","Garage door opener","Garage door opener","Genie","#1155","Unknown","Unknown","Garage"
"SITE_42","ROOM_15088","APPL_48232","Exercise Equipment","Treadmill","NordicTrack","Unknown","Unknown","No","Family Room"
"SITE_422","ROOM_19002","APPL_20385","Exercise Equipment","Treadmill","NordicTrack","T53","Unknown","Unknown","Bedroom"
"SITE_423","ROOM_39435","APPL_156473","Exercise Equipment","Treadmill","NordicTrack","Unknown","Unknown","Unknown","Family Room"
"SITE_426","ROOM_20857","APPL_95000","Exercise Equipment","Treadmill","Vision Fitness","T9200","Unknown","No","Bedroom"
"SITE_428","ROOM_13970","APPL_155523","Garage door opener","Garage door opener","Chamberlain","Unknown","Unknown","Unknown","Garage"
"SITE_429","ROOM_26688","APPL_112821","Garage door opener","Garage door opener","Raynor","GENERAL II","Unknown","Unknown","Garage"
"SITE_433","ROOM_5571","APPL_112427","Garage door opener","Garage door opener","Linear","LD050","Unknown","Unknown","Garage"
"SITE_433","ROOM_5571","APPL_34455","Garage door opener","Garage door opener","Linear","LD050","Unknown","Unknown","Garage"
"SITE_446","ROOM_23813","APPL_83628","Other","Heat exchanger","FlatPlate","DW10X20-14","2008","No","Garage"
"SITE_446","ROOM_23813","APPL_121882","Whole House Vacuum","Whole home vacuum","Vacuflo","566Q","2007","No","Garage"
"SITE_449","ROOM_19700","APPL_87592","Hot Tub",NA,"Cal Spas","XL-08-A969L-69","2008","Unknown","Outside"
"SITE_450","ROOM_1984","APPL_81671","Garage door opener","Garage door opener","Craftsman","Unknown","Unknown","Unknown","Garage"
"SITE_453","ROOM_17553","APPL_49495","Welder (electric)",NA,"Eastwood","ELITE MP250I","Unknown","No","Garage"
"SITE_453","ROOM_4398","APPL_72740","Hot Tub",NA,"Unknown","Unknown","Unknown","Unknown","Outside"
"SITE_459","ROOM_11905","APPL_71700","Heated Pool","Heated pool","MAAX Spas Industries Corp.","ML4","Unknown","No","Outside"
"SITE_459","ROOM_19069","APPL_133145","Sauna",NA,"Unknown","Unknown","Unknown","Unknown","Bathroom"
"SITE_459","ROOM_11905","APPL_52250","Hot Tub",NA,"American Whirlpool","Unknown","Unknown","No","Outside"
"SITE_459","ROOM_764","APPL_87056","Exercise Equipment","Bicycle Treadmill","Peloton","Unknown","Unknown","Unknown","Office"
"SITE_46","ROOM_30711","APPL_35899","Power Tool","Air compressor","Sears","#919156581","Unknown","No","Garage"
"SITE_46","ROOM_17028","APPL_168722","Hot Tub",NA,"Unknown","Unknown","Unknown","Unknown","Outside"
"SITE_46","ROOM_30711","APPL_908","Garage door opener","Garage door opener","Legacy","#496","Unknown","Unknown","Garage"
"SITE_46","ROOM_42533","APPL_103819","Exercise Equipment","Exercise equipment","NordicTrack","C1600PRO","Unknown","No","Living Room"
"SITE_46","ROOM_42533","APPL_130826","Exercise Equipment","Exercise equipment","Bowflex","TC1000","Unknown","No","Living Room"
"SITE_462","ROOM_34892","APPL_90397","Hot Tub",NA,"Unknown","Unknown","Unknown","No","Outside"
"SITE_463","ROOM_14147","APPL_102931","Hot Tub",NA,"Unknown","Unknown","Unknown","Unknown","Outside"
"SITE_47","ROOM_43708","APPL_7570","Power Tool","Compressed air","Extreme","WL506203AJ","Unknown","Unknown","Garage"
"SITE_47","ROOM_43708","APPL_27100","Garage door opener","Garage door opener","LiftMaster","Unknown","Unknown","Unknown","Garage"
"SITE_474","ROOM_43832","APPL_87860","Power Tool","Cutting machine","Cricut","EXPLORE AIR 2","Unknown","Unknown","Living Room"
"SITE_474","ROOM_27278","APPL_66356","Garage door opener","Garage door opener","LiftMaster","Unknown","Unknown","Unknown","Garage"
"SITE_475","ROOM_23456","APPL_99529","Garage door opener","Garage door opener","Genie","Unknown","Unknown","Unknown","Garage"
"SITE_475","ROOM_23456","APPL_167777","Garage door opener","Garage door opener","Genie","Unknown","Unknown","Unknown","Garage"
"SITE_476","ROOM_19605","APPL_52409","Garage door opener","Garage door opener","Overhead Door","ODYSSEY 1000","Unknown","Unknown","Garage"
"SITE_483","ROOM_44275","APPL_100273","Hot Tub",NA,"Sundance Spas","Unknown","Unknown","Unknown","Outside"
"SITE_489","ROOM_8537","APPL_19254","Sauna",NA,"Dynamic","Unknown","Unknown","Unknown","Bedroom"
"SITE_49","ROOM_18336","APPL_91263","Kiln (Electric)",NA,"Duncan","DK1020-2","Unknown","No","Garage"
"SITE_49","ROOM_18336","APPL_110155","Garage door opener","Garage door","Chamberlain","FORMULA I","Unknown","No","Garage"
"SITE_491","ROOM_32000","APPL_50452","Garage door opener","Garage door opener","Genie","Unknown","Unknown","Unknown","Garage"
"SITE_493","ROOM_9861","APPL_168142","Hot Tub",NA,"Attic Spas","Unknown","Unknown","No","Outside"
"SITE_495","ROOM_39235","APPL_155784","Exercise Equipment","Exercise equipment","Xterra","FS25","Unknown","Unknown","Family Room"
"SITE_495","ROOM_27989","APPL_9668","Garage door opener","Garage door opener","Overhead Door","LEGACY","Unknown","Unknown","Garage"
"SITE_505","ROOM_14685","APPL_174864","Hot Tub",NA,"EcoSpa","Unknown","Unknown","No","Outside"
"SITE_509","ROOM_163","APPL_137495","Garage door opener","Garage door opener","Genie","PRO MAX","Unknown","Unknown","Garage"
"SITE_509","ROOM_163","APPL_39336","Garage door opener","Garage door opener","Genie","PRO MAX","Unknown","Unknown","Garage"
"SITE_509","ROOM_15431","APPL_14387","Exercise Equipment","Treadmill","Sole","Unknown","Unknown","Unknown","Office"
"SITE_510","ROOM_21791","APPL_1592","Hot Tub",NA,"Unknown","Unknown","Unknown","Unknown","Outside"
"SITE_510","ROOM_24736","APPL_128587","Garage door opener","Garage door opener","Chamberlain","Unknown","Unknown","Unknown","Garage"
"SITE_516","ROOM_43400","APPL_135298","Garage door opener","Garage door opener","Genie","#2028","Unknown","Unknown","Garage"
"SITE_516","ROOM_43400","APPL_127503","Garage door opener","Garage door opener","Genie","#2028","Unknown","Unknown","Garage"
"SITE_516","ROOM_43400","APPL_13444","Garage door opener","Garage door opener","Genie","#2028","Unknown","Unknown","Garage"
"SITE_520","ROOM_28853","APPL_59518","Hot Tub",NA,"Snorkel","Unknown","Unknown","No","Outside"
"SITE_521","ROOM_5787","APPL_173719","Sauna",NA,"Saunette","SAUNETTE 110","Unknown","No","Bedroom"
"SITE_521","ROOM_3764","APPL_106058","Exercise Equipment","Treadmill","Livestrong","Unknown","Unknown","Unknown","Entry/Entryway"
"SITE_521","ROOM_7535","APPL_81514","Garage door opener","Garage door opener","Genie","H4000A","Unknown","Unknown","Garage"
"SITE_521","ROOM_7535","APPL_150930","Power Tool","Air compressor","Central Pneumatic","ITEM 61489","Unknown","No","Garage"
"SITE_522","ROOM_7285","APPL_104429","Heated Pool",NA,"Teledyne","LAARS LITE XXX","Unknown","No","Outside"
"SITE_522","ROOM_7285","APPL_111993","Pool Pump",NA,"Pentair","SF-N1-3","Unknown","No","Outside"
"SITE_527","ROOM_19276","APPL_148082","Garage door opener","Garage door opener","Linear","LDO50 RESIDENTIAL","Unknown","Unknown","Garage"
"SITE_527","ROOM_19276","APPL_34881","Garage door opener","Garage door opener","Linear","LDO50 RESIDENTIAL","Unknown","Unknown","Garage"
"SITE_533","ROOM_43501","APPL_141122","Hot Tub",NA,"Unknown","Unknown","Unknown","No","Outside"
"SITE_534","ROOM_16572","APPL_94423","Garage door opener","Garage door opener","Legacy","696CD/8","Unknown","Unknown","Garage"
"SITE_536","ROOM_12188","APPL_123083","Exercise Equipment","Elliptical","NordicTrack","Unknown","Unknown","Unknown","Bedroom"
"SITE_54","ROOM_1073","APPL_17642","Garage door opener","Garage door opener","LiftMaster","Unknown","Unknown","Unknown","Garage"
"SITE_547","ROOM_18277","APPL_4001","Garage door opener","Garage door opener","LiftMaster","Unknown","Unknown","Unknown","Garage"
"SITE_548","ROOM_34041","APPL_172288","Garage door opener","Garage door opener","Craftsman","Unknown","Unknown","Unknown","Garage"
"SITE_548","ROOM_12957","APPL_128676","Exercise Equipment","Treadmill","Image","150R","Unknown","Unknown","Bedroom"
"SITE_550","ROOM_36679","APPL_94551","Garage door opener","Garage door opener","LiftMaster","Unknown","Unknown","Unknown","Garage"
"SITE_554","ROOM_39414","APPL_13938","Garage door opener","Garage door opener","LiftMaster","Unknown","Unknown","Unknown","Garage"
"SITE_555","ROOM_46542","APPL_153986","Garage door opener","Garage door opener","LiftMaster","Unknown","Unknown","Unknown","Garage"
"SITE_555","ROOM_46542","APPL_1573","Garage door opener","Garage door opener","LiftMaster","Unknown","Unknown","Unknown","Garage"
"SITE_559","ROOM_27740","APPL_40708","Exercise Equipment","Treadmill","Trimline","T-315","Unknown","No","Living Room"
"SITE_562","ROOM_39691","APPL_105967","Hot Tub",NA,"Unknown","Unknown","2021","No","Outside"
"SITE_567","ROOM_16800","APPL_104997","Water Circulator Pump",NA,"Taco","007-F5-7IFC","Unknown","No","Basement"
"SITE_567","ROOM_16800","APPL_20946","Other","Heated Solar Water Tank","Unknown","Unknown","Unknown","Unknown","Basement"
"SITE_567","ROOM_16800","APPL_138444","Whole House Vacuum","House Vacuum","Kenmore","Unknown","Unknown","No","Basement"
"SITE_567","ROOM_1808","APPL_75987","Other","Organ Motor","Century","Unknown","Unknown","No","Basement"
"SITE_569","ROOM_604","APPL_29774","Garage door opener","Garage door opener","Linear","Unknown","Unknown","Unknown","Garage"
"SITE_570","ROOM_39701","APPL_173034","Welder (electric)",NA,"Lincoln","250-250","Unknown","No","Outbuilding / Addition"
"SITE_570","ROOM_39701","APPL_143002","Welder (electric)",NA,"Lincoln","250-250","Unknown","No","Outbuilding / Addition"
"SITE_577","ROOM_36652","APPL_146361","Garage door opener","Garage door opener","Chamberlain","LIFTMASTER PROFESSIONAL","Unknown","Unknown","Garage"
"SITE_577","ROOM_36652","APPL_9491","Garage door opener","Garage door opener","Chamberlain","LIFTMASTER PROFESSIONAL","Unknown","Unknown","Garage"
"SITE_578","ROOM_2033","APPL_98650","Exercise Equipment","Treadmill","Weslo","Unknown","Unknown","Unknown","Living Room"
"SITE_579","ROOM_41632","APPL_134442","Power Tool","Air compressor","Ingersoll Rand","SS5L5 W/KIT","Unknown","No","Garage"
"SITE_579","ROOM_10702","APPL_54059","Welder (electric)",NA,"Miller","MILLERMATIC 175","Unknown","No","Garage"
"SITE_58","ROOM_11373","APPL_26986","Septic pump",NA,"Unknown","Unknown","Unknown","Unknown","Basement"
"SITE_581","ROOM_34033","APPL_79173","Garage door opener","Garage door opener","Linear","LD050","Unknown","Unknown","Garage"
"SITE_590","ROOM_471","APPL_101100","Pool Pump",NA,"AO Smith","C48K2N143C2C","Unknown","No","Mechanical"
"SITE_594","ROOM_44798","APPL_92232","Garage door opener","Garage door opener","Genie","Unknown","Unknown","Unknown","Garage"
"SITE_595","ROOM_28720","APPL_16277","Garage door opener","Garage door opener","Craftsman","Unknown","Unknown","Unknown","Garage"
"SITE_595","ROOM_15929","APPL_1451","Exercise Equipment","Exercise equipment","Echelon","Unknown","Unknown","Unknown","Office"
"SITE_6","ROOM_30759","APPL_60639","Garage door opener","Garage door opener","Chamberlain","Unknown","Unknown","Unknown","Garage"
"SITE_60","ROOM_23164","APPL_6808","Whole House Vacuum","Central Vacuum","Unknown","#1300","Unknown","Unknown","Garage"
"SITE_600","ROOM_46462","APPL_88956","Garage door opener","Garage door opener","Craftsman","Unknown","Unknown","Unknown","Garage"
"SITE_601","ROOM_39515","APPL_70730","Garage door opener","Garage door opener","Genie","#2028","Unknown","Unknown","Garage"
"SITE_607","ROOM_5496","APPL_141399","Garage door opener","Garage door opener","Chamberlain","Unknown","Unknown","Unknown","Garage"
"SITE_611","ROOM_25699","APPL_149618","Pool Pump",NA,"STA-RITE","INTELLIPRO VSF","2020","Yes","Outside"
"SITE_611","ROOM_25699","APPL_108297","Pool Pump",NA,"STA-RITE","INTELLIPRO VSF","2020","Yes","Outside"
"SITE_611","ROOM_25699","APPL_55053","Heated Pool",NA,"Pentair","ULTRATEMP 1200","Unknown","No","Outside"
"SITE_611","ROOM_9899","APPL_4196","Sauna",NA,"Dynamic","Unknown","Unknown","No","Family Room"
"SITE_611","ROOM_38859","APPL_78282","Garage door opener","Garage door opener","Overhead Door","DESTINY 1200","Unknown","Unknown","Garage"
"SITE_611","ROOM_38859","APPL_131540","Garage door opener","Garage door opener","Overhead Door","DESTINY 1200","Unknown","Unknown","Garage"
"SITE_611","ROOM_38859","APPL_104236","Garage door opener","Garage door opener","Overhead Door","DESTINY 1200","Unknown","Unknown","Garage"
"SITE_616","ROOM_42963","APPL_137996","Sauna",NA,"Rocky Mountain saunas","RIO GRANDE","Unknown","Unknown","Garage"
"SITE_616","ROOM_42963","APPL_48693","Garage door opener","Garage door opener","Linear","Unknown","Unknown","Unknown","Garage"
"SITE_616","ROOM_42963","APPL_28746","Exercise Equipment","Exercise equipment","VMAX","Q5","Unknown","Unknown","Garage"
"SITE_618","ROOM_43646","APPL_15571","Garage door opener","Garage door opener","Stanley Vemco","TT SERIES","Unknown","Unknown","Garage"
"SITE_62","ROOM_18810","APPL_146250","Power Tool","Compressed air","HDX","#947282","Unknown","Unknown","Mechanical"
"SITE_62","ROOM_18810","APPL_61669","Power Tool","Compressed air","Central Pneumatic","#61454","Unknown","Unknown","Mechanical"
"SITE_623","ROOM_30761","APPL_152150","Power Tool","Saw appliance","Delta","Unknown","Unknown","No","Other"
"SITE_623","ROOM_17710","APPL_117996","Hot Tub",NA,"Unknown","Unknown","Unknown","Unknown","Outside"
"SITE_623","ROOM_30761","APPL_145512","Power Tool","Bandsaw","Makita","LS1013","Unknown","No","Other"
"SITE_623","ROOM_36195","APPL_77474","Power Tool","Grinder","Delta","23-725","Unknown","Unknown","Garage"
"SITE_623","ROOM_30761","APPL_71379","Power Tool","Drill Press","Jet","JDP-14MF","Unknown","No","Other"
"SITE_623","ROOM_30761","APPL_114709","Power Tool","Table Saw","Delta","Unknown","Unknown","No","Other"
"SITE_632","ROOM_7501","APPL_78887","Exercise Equipment","Elliptical","NordicTrack","Unknown","Unknown","Unknown","Bedroom"
"SITE_633","ROOM_13956","APPL_40124","Sauna",NA,"Blue Wave Products","B0063E9DZA","Unknown","Unknown","Office"
"SITE_638","ROOM_17221","APPL_107666","Garage door opener","Garage door opener","Craftsman","Unknown","Unknown","Unknown","Garage"
"SITE_638","ROOM_17221","APPL_15142","Garage door opener","Garage door opener","Sears","Unknown","Unknown","Unknown","Garage"
"SITE_641","ROOM_4209","APPL_45204","Garage door opener","Garage door opener","Genie","PMX500IC","Unknown","Unknown","Garage"
"SITE_645","ROOM_38549","APPL_104667","Exercise Equipment","Exercise equipment","Biodyne","Unknown","Unknown","Unknown","Living Room"
"SITE_645","ROOM_16900","APPL_61572","Garage door opener","Garage door opener","Overhead Door","ODYSSEY 1000","Unknown","Unknown","Garage"
"SITE_654","ROOM_18752","APPL_142687","Exercise Equipment","Elliptical","Schwinn","Unknown","2013","No","Family Room"
"SITE_658","ROOM_36858","APPL_22929","Pool Pump",NA,"Unknown","Unknown","Unknown","Unknown","Outbuilding / Addition"
"SITE_658","ROOM_36858","APPL_143493","Other","Pool Heater","Teledyne","EPH300","Unknown","No","Outbuilding / Addition"
"SITE_66","ROOM_28387","APPL_56413","Garage door opener","Garage door opener","Genie","PRO MAX","Unknown","Unknown","Garage"
"SITE_66","ROOM_14572","APPL_21891","Other","Oxygenator","Resmed","#AIRSENSE10","Unknown","Unknown","Bedroom"
"SITE_66","ROOM_28387","APPL_103202","Whole House Vacuum","Central Vacuum","Electronic Essentials Incorporated","SILENT MASTER","Unknown","Unknown","Garage"
"SITE_665","ROOM_41268","APPL_116345","Exercise Equipment","Treadmill","Keys","MS12006GT","2000","No","Bedroom"
"SITE_668","ROOM_28529","APPL_153440","Exercise Equipment","Treadmill","PaceMaster","PRO SELECT","Unknown","No","Bedroom"
"SITE_675","ROOM_37154","APPL_98660","Garage door opener","Garage door opener","Linear","Unknown","Unknown","Unknown","Garage"
"SITE_677","ROOM_43786","APPL_9407","Garage door opener","Garage door opener","Raynor","PRODIGY 11","Unknown","Unknown","Garage"
"SITE_677","ROOM_32303","APPL_8236","Exercise Equipment","Stationary Bike","Schwinn","#240","Unknown","Unknown","Bedroom"
"SITE_68","ROOM_43647","APPL_97502","Garage door opener","Garage door opener","LiftMaster","Unknown","Unknown","Unknown","Garage"
"SITE_684","ROOM_15287","APPL_46531","Garage door opener","Garage door opener","Craftsman","Unknown","Unknown","Unknown","Garage"
"SITE_688","ROOM_35798","APPL_123669","Exercise Equipment","Exercise equipment","Schwinn","Unknown","Unknown","Unknown","Bedroom"
"SITE_692","ROOM_44069","APPL_18041","Other","Jacuzzi","Unknown","Unknown","Unknown","Unknown","Bathroom"
"SITE_692","ROOM_33206","APPL_124205","Garage door opener","Garage door opener","Quantum","Unknown","Unknown","Unknown","Garage"
"SITE_695","ROOM_9781","APPL_60756","Hot Tub",NA,"Unknown","Unknown","Unknown","Unknown","Outside"
"SITE_7","ROOM_46184","APPL_153282","Garage door opener","Garage door","Overhead Door","PHANTOM","2001","Unknown","Garage"
"SITE_702","ROOM_36052","APPL_52644","Water Circulator Pump",NA,"Grundfos","#99163906","Unknown","Unknown","Kitchen"
"SITE_707","ROOM_43188","APPL_66585","Irrigation Pump",NA,"Everbilt","EFLS15-HD","Unknown","No","Garage"
"SITE_71","ROOM_42954","APPL_97134","Kiln (Electric)",NA,"Skutt","KM-1027","Unknown","No","Garage"
"SITE_71","ROOM_31513","APPL_37831","Sauna",NA,"Sauna Works","CLEARLIGHT INFRARED","Unknown","Unknown","Mechanical"
"SITE_71","ROOM_34143","APPL_10736","Exercise Equipment","Elliptical","Schwinn","BIODYNE PERFORMANCE","Unknown","Unknown","Family Room"
"SITE_71","ROOM_15378","APPL_8024","Garage door opener","Garage door opener","Genie","Unknown","Unknown","Unknown","Garage"
"SITE_710","ROOM_44786","APPL_29131","Welder (electric)",NA,"Millermatic","#212","Unknown","No","Outbuilding / Addition"
"SITE_710","ROOM_44786","APPL_81033","Power Tool","Industrial Ait Compressor","Champion","CASRSA39","Unknown","Unknown","Outbuilding / Addition"
"SITE_73","ROOM_37504","APPL_76878","Garage door opener","Garage door opener","LiftMaster","045ACT","Unknown","Unknown","Garage"
"SITE_735","ROOM_12455","APPL_89662","Hot Tub",NA,"Unknown","Unknown","Unknown","Unknown","Outside"
"SITE_741","ROOM_15434","APPL_54691","Hot Tub",NA,"Unknown","Unknown","Unknown","No","Outside"
"SITE_76","ROOM_36668","APPL_52484","Garage door opener","Garage door opener","Unknown","#8030","Unknown","Unknown","Garage"
"SITE_761","ROOM_25472","APPL_125609","Hot Tub",NA,"Cal Spas","Unknown","Unknown","Unknown","Outside"
"SITE_762","ROOM_39359","APPL_110820","Hot Tub",NA,"Saltron","SOLAXX","Unknown","Unknown","Outside"
"SITE_77","ROOM_31308","APPL_94077","Garage door opener","Garage door opener","Chamberlain","LIFTMASTER","Unknown","Unknown","Garage"
"SITE_773","ROOM_8675","APPL_74191","Garage door opener","Garage door opener","LiftMaster","Unknown","Unknown","Unknown","Garage"
"SITE_773","ROOM_8675","APPL_43989","Garage door opener","Garage door opener","LiftMaster","Unknown","Unknown","Unknown","Garage"
"SITE_788","ROOM_7386","APPL_26527","Water feature",NA,"Unknown","Unknown","Unknown","No","Living Room"
"SITE_790","ROOM_42929","APPL_137319","Sauna",NA,"Redwood Outdoors","Unknown","Unknown","Unknown","Outside"
"SITE_790","ROOM_11637","APPL_22121","Exercise Equipment","Treadmill","NordicTrack","Unknown","Unknown","No","Family Room"
"SITE_793","ROOM_12846","APPL_116286","Hot Tub",NA,"Unknown","Unknown","Unknown","Unknown","Outside"
"SITE_796","ROOM_41096","APPL_128870","Hot Tub",NA,"HotSpring","Unknown","Unknown","No","Outside"
"SITE_8","ROOM_19279","APPL_166601","Garage door opener","Garage door","Marantec","M4500E","2021","Unknown","Garage"
"SITE_804","ROOM_12207","APPL_123921","Sauna",NA,"Health Mate","PROFESSIONAL","Unknown","No","Bedroom"
"SITE_816","ROOM_45971","APPL_9782","Sauna",NA,"Metos Sauna","MSPO","Unknown","No","Bathroom"
"SITE_817","ROOM_29035","APPL_156122","Hot Tub",NA,"Unknown","Unknown","Unknown","No","Outside"
"SITE_819","ROOM_1814","APPL_137572","Hot Tub",NA,"Unknown","Unknown","Unknown","No","Outside"
"SITE_829","ROOM_28615","APPL_141058","Hot Tub",NA,"Marquis","Unknown","Unknown","No","Other"
"SITE_829","ROOM_23207","APPL_164624","Sauna",NA,"McCoy","Unknown","Unknown","No","Other"
"SITE_83","ROOM_38614","APPL_138511","Other","Ceramic heater","Pelonis","NT15-9FJ","Unknown","Unknown","Bathroom"
"SITE_833","ROOM_14129","APPL_122862","Exercise Equipment","Treadmill","iFIT","C950I","Unknown","No","Bedroom"
"SITE_837","ROOM_33664","APPL_75674","Other","Oxygen tank","Respironics Millennium M10","M10605-10 OXYGEN CONCENTRATOR","Unknown","No","Kitchen"
"SITE_838","ROOM_29470","APPL_17577","Power Tool","Air compressor","Craftsman","#919167340","Unknown","No","Living Room"
"SITE_844","ROOM_7451","APPL_47873","Hot Tub",NA,"Unknown","Unknown","Unknown","No","Outside"
"SITE_849","ROOM_32186","APPL_132669","Other","Heat transfer","Heat Transfer Group","MG32422-30","Unknown","No","Laundry"
"SITE_85","ROOM_3765","APPL_35411","Garage door opener","Garage door opener","Marantec","SYNERGY 260","Unknown","Unknown","Garage"
"SITE_853","ROOM_31083","APPL_59091","Whole House Vacuum","Whole house vacuum","Vacumaid","P-225","Unknown","No","Mechanical"
"SITE_854","ROOM_13253","APPL_60783","Other","Heated armchair","Infinity","EVOLUTION MAX 4D","Unknown","No","Bedroom"
"SITE_865","ROOM_18060","APPL_128055","Water feature",NA,"Rain Bird","RC-1260BI","Unknown","No","Mechanical"
"SITE_866","ROOM_29433","APPL_146071","Power Tool","Bandsaw","Sears","CRAFTSMAN","Unknown","No","Outbuilding / Addition"
"SITE_866","ROOM_11747","APPL_97057","Exercise Equipment","Treadmill","Epic","T60","Unknown","No","Bedroom"
"SITE_868","ROOM_18528","APPL_128580","Water Circulator Pump",NA,"Grundfos","UPS 15-58 FC","Unknown","No","Crawlspace"
"SITE_87","ROOM_16852","APPL_72374","Garage door opener","Garage door opener","Genie","INTELLICODE","Unknown","Unknown","Garage"
"SITE_880","ROOM_35787","APPL_144826","Sauna",NA,"Unknown","Unknown","Unknown","No","Basement"
"SITE_880","ROOM_35787","APPL_110809","Other","Inverter","Sol-Ark","12K-P","Unknown","No","Basement"
"SITE_885","ROOM_39053","APPL_67331","Hot Tub",NA,"Bullfrog Spas","A SERIES","Unknown","No","Outside"
"SITE_89","ROOM_10739","APPL_78396","Garage door opener","Garage door opener","Chamberlain","Unknown","Unknown","No","Garage"
"SITE_894","ROOM_35345","APPL_5390","Garage door opener","Garage door opener","Sears","Unknown","Unknown","Unknown","Garage"
"SITE_902","ROOM_33660","APPL_59348","Hot Tub",NA,"Unknown","Unknown","Unknown","Unknown","Outside"
"SITE_903","ROOM_44134","APPL_13537","Sauna",NA,"Sears","Unknown","Unknown","Unknown","Bathroom"
"SITE_904","ROOM_12623","APPL_99889","Whole House Vacuum","Central Vacuum","CentralVac","CV-16","1997","No","Garage"
"SITE_91","ROOM_30575","APPL_102822","Exercise Equipment","Electric bike","NordicTrack","Unknown","Unknown","Unknown","Bedroom"
"SITE_911","ROOM_5352","APPL_100369","Water Circulator Pump",NA,"Geolink","UP26-99F","Unknown","No","Crawlspace"
"SITE_911","ROOM_5352","APPL_119075","Water Circulator Pump",NA,"Geolink","UP26-99F","Unknown","No","Crawlspace"
"SITE_911","ROOM_24746","APPL_24708","Other","Solar panel angle adjuster","Sunny Boy","SE 9000TL-US-22","2016","No","Outside"
"SITE_911","ROOM_9933","APPL_141697","Stock tank heaters",NA,"API","15N","Unknown","Unknown","Outbuilding / Addition"
"SITE_913","ROOM_27802","APPL_30248","Exercise Equipment","Treadmill","Peloton","Unknown","Unknown","Unknown","Other"
"SITE_913","ROOM_27802","APPL_61321","Exercise Equipment","Stationary Bike","Peloton","Unknown","Unknown","Unknown","Other"
"SITE_92","ROOM_19179","APPL_49489","Garage door opener","Garage door opener","Genie","PRO MAX","Unknown","Unknown","Garage"
"SITE_920","ROOM_21214","APPL_133390","Hot Tub",NA,"Unknown","Unknown","Unknown","No","Outside"
"SITE_921","ROOM_43685","APPL_76780","Kiln (Electric)",NA,"Skutt","#181","Unknown","No","Garage"
"SITE_928","ROOM_23014","APPL_28503","Sauna",NA,"Saunacore","Unknown","Unknown","No","Living Room"
"SITE_94","ROOM_43002","APPL_114955","Power Tool","Table Saw","Unknown","Unknown","Unknown","No","Outbuilding / Addition"
"SITE_941","ROOM_39903","APPL_135600","Water Circulator Pump",NA,"CENTRIPRO","AQUIVAR SOLO","Unknown","No","Crawlspace"
"SITE_941","ROOM_46260","APPL_105883","Water feature",NA,"Unknown","Unknown","Unknown","No","Outside"
"SITE_941","ROOM_17320","APPL_117936","Whole House Vacuum","House Vacuum","Prolux","CV12000","Unknown","No","Other"
"SITE_945","ROOM_19471","APPL_46355","Water feature",NA,"Unknown","Unknown","Unknown","Unknown","Bedroom"
"SITE_96","ROOM_19025","APPL_44828","Garage door opener","Garage door opener","Overhead Door","LEGACY","Unknown","Unknown","Garage"
"SITE_96","ROOM_12221","APPL_47851","Exercise Equipment","Spinning machine","Unknown","Unknown","Unknown","Unknown","Bedroom"
"SITE_960","ROOM_24662","APPL_16491","Exercise Equipment","Treadmill","Sole","F63","Unknown","No","Other"
"SITE_960","ROOM_24662","APPL_143964","Exercise Equipment","Workout bike","Peloton","PLTN-RBIVO","Unknown","No","Other"
"SITE_961","ROOM_44529","APPL_60642","Other","Freeze dryer","Harvest Right","Unknown","Unknown","No","Laundry"
"SITE_964","ROOM_28265","APPL_33071","Power Tool","Bandsaw","Craftsman","#137221960","Unknown","No","Garage"
"SITE_964","ROOM_28265","APPL_132479","Garage door opener","Garage door opener","Stanley Vemco","Unknown","Unknown","Unknown","Garage"
"SITE_965","ROOM_38184","APPL_98546","Water feature",NA,"Unknown","Unknown","Unknown","No","Living Room"
"SITE_976","ROOM_8544","APPL_154770","Septic pump",NA,"Unknown","Unknown","Unknown","No","Outside"
"SITE_978","ROOM_8838","APPL_40135","Garage door opener","Garage door opener","Overhead Door","ODYSSEY 1000","Unknown","Unknown","Garage"
"SITE_985","ROOM_323","APPL_57157","Septic pump",NA,"Liberty","280-2","2022","Unknown","Mechanical"
"SITE_985","ROOM_9327","APPL_140626","Power Tool","Various shop machines and tools","Unknown","Unknown","Unknown","Unknown","Other"
"SITE_985","ROOM_28404","APPL_57382","Other","Driveway Deicer","Unknown","Unknown","Unknown","No","Garage"
"SITE_990","ROOM_818","APPL_110922","Kiln (Electric)",NA,"Lincoln","Unknown","Unknown","No","Outbuilding / Addition"
"SITE_992","ROOM_7293","APPL_160542","Hot Tub",NA,"Unknown","Unknown","Unknown","Unknown","Outside"
"SITE_3106","ROOM_39299","APPL_33246","Sauna",NA,"Dynamic","Unknown","Unknown","No","Living Room"
"SITE_3154","ROOM_23512","APPL_83522","Sauna",NA,"Relaxed saunas","CH-9008-C","Unknown","No","Living Room"
"SITE_3218","ROOM_44727","APPL_33311","Exercise Equipment","Treadmill","Unknown","Unknown","2020","No","Living Room"
